family,model_id,dataset,source_dataset,preprocessing_variant,samples,cer_mean,cer_median,corpus_cer,wer_mean,wer_median,corpus_wer,cla_mean,corpus_cla,crw_mean,corpus_crw,char_accuracy_mean,corpus_char_accuracy,word_accuracy_mean,corpus_word_accuracy,exact_match_rate,reference_chars,edit_distance_chars,char_substitutions,char_insertions,char_deletions,char_correct,reference_words,edit_distance_words,word_substitutions,word_insertions,word_deletions,correct_recognized_words,inference_seconds_total,inference_seconds_mean,inference_seconds_median,rss_after_mb_max,cuda_peak_allocated_mb_max,cuda_peak_reserved_mb_max,model_short
CRNN/Kraken,CRNN/Kraken,polish_forms_test,polish_forms,native,241,0.7748429286425338,0.7758620689655172,0.7709226467847158,1.037214318645854,1.0,1.0272780034822984,0.5403435817891804,0.5439888164026095,0.0036307053941908715,0.004062681369704005,0.2251570713574662,0.22907735321528422,0.0025933609958506223,0.0,0.0,10730,8272,4770,123,3379,2581,1723,1770,1370,54,346,7,141.28310680016875,0.5862369576770488,0.5772578000323847,1278.0,,,CRNN/Kraken
CRNN/Kraken,CRNN/Kraken,polish_forms_train,polish_forms,native,1844,0.7675055533351806,0.775,0.7632485103057537,1.0405501990778563,1.0,1.0297426413931268,0.5505078417062913,0.5527131972257497,0.006276273738312783,0.0072430266605023885,0.23249444666481947,0.2367514896942463,0.0033790609848093575,0.0,0.0,81896,62507,35633,998,25876,20387,12978,13364,10193,480,2691,94,1099.2839995013783,0.5961409975604004,0.5782011999981478,1278.0,,,CRNN/Kraken
CRNN/Kraken,CRNN/Kraken,polish_forms_val,polish_forms,native,228,0.7665676630789386,0.7802439024390244,0.762663798161549,1.038810568086884,1.0,1.0273390036452006,0.5516840280023901,0.5548601603755134,0.010112085769980506,0.01275820170109356,0.23343233692106127,0.23733620183845106,0.006639863547758284,0.0,0.0,10226,7799,4421,131,3247,2558,1646,1691,1270,66,355,21,133.02450930082705,0.5834408302667853,0.574884400004521,1275.51171875,,,CRNN/Kraken
